name,time_commitment,cover_image,additional_images,tags,description,ingredients
Kale Polenta Sausage Bowl,1,kale_polenta_sausage_1.jpg,"kale_polenta_sausage_2.jpg, kale_polenta_sausage_3.jpg",meal prep,,
Burrito Bowl,3,burrito_bowl.jpg,,meal prep,,
Paleo Protein Bowl,3,paleo_protein.jpg,,meal prep,,
Beef and Broccoli Teriyaki,2,beef_broc_terriyak.jpg,,meal prep,,
Mediterranean Orzo Salad,1,mediterranean-orzo.jpg,,"meal prep, hot weather",,
Chicken and Broccoli Teriyaki,2,chick_broc_terriyak.jpg,,meal prep,,
Lentil Sausage Bowl,1,lentil_sausage.jpg,,meal prep,,
Homemade Pasta,3,homemade_pasta.jpg,,pasta,,
Cacio e Pepe,5,cacio-e-pepe.jpg,,pasta,,
Burrata Sausage & Homemade Fettuccini,3,burrata_sausage.jpg,,pasta,,
Lobster Scampi,5,lobster_scampi.jpg,,pasta,,
Lemon Rosemary Salmon,2,salmon_1.jpg,salmon_2.jpg,"meal, meal prep",,
Ratatouille,5,ratatouille.jpg,,meal,,
French Bread,3,french_bread.jpg,,munchie,,
Pan Seared Tri Tip,2,tri-tip.jpg,,meal,,
Ramen,3,ramen.jpg,,meal,,